ID_SERVICIO,DESCRIPCION,TIPO,PRECIO UNITARIO,CANTIDAD,TOTAL SERVICIO
52,costura correa mochila,3,450.250000,60,0.000000
55,forro piloto,3,324.660004,156,0.000000
56,vicera,3,450.000000,180,0.000000
57,costura remera,3,650.000000,60,0.000000
58,ensamble bolso,3,450.250000,80,0.000000
64,ensamble bolso,3,450.250000,50,0.000000
66,forro campera,3,365.600006,150,0.000000
68,vicera,3,450.000000,160,0.000000
71,ensamble bolso,3,450.250000,40,0.000000
