ID_SERVICIO,DESCRIPCION,TIPO,PRECIO UNITARIO,CANTIDAD,TOTAL SERVICIO
51,ensamble vestido,2,860.000000,25,0.000000
54,boton camisa,2,145.000000,120,0.000000
60,cambio boton,2,70.000000,10,0.000000
63,boton camisa,2,145.000000,120,0.000000
72,boton camisa,2,145.000000,60,0.000000
73,cambio boton,2,70.000000,25,0.000000
74,ensamble vestido,2,860.000000,15,0.000000
